id,country_id,year,number_yaws,polio_cases,cases_guinea_worm,number_rabies,number_malaria,number_hiv,number_tuberculosis,number_smallpox,number_cholera_cases
1,1,1980,0,6160,0,0,0,0,0,0,0
2,1,1981,0,5859,0,0,0,0,0,0,0
3,1,1982,0,9730,0,0,0,0,0,0,0
4,1,1983,0,13937,0,0,0,0,0,0,0
5,1,1984,0,3864,0,0,0,0,0,0,0
6,1,1985,0,13867,0,0,0,0,0,0,0
7,1,1986,0,12901,0,0,0,0,0,0,0
8,1,1987,0,4396,0,0,0,0,0,0,0
9,1,1988,0,2149,0,0,0,0,0,0,0
10,1,1989,0,385,0,0,0,0,0,0,0
11,1,1990,0,336,0,2.14577,1219850,87.6656,16303.1,0,0
12,1,1991,0,14,0,2.32097,1132780,103.774,17582.3,0,0
13,1,1995,0,0,0,3.12636,725758,143.545,22163.4,0,19903
14,1,1997,0,21,0,3.44612,605853,160.595,23140.9,0,4170
15,1,1998,0,65,0,3.55702,547045,164.607,23179.4,0,10000
16,1,1999,0,167,0,3.60704,502899,168.994,22944.2,0,24639
17,1,2000,0,133,0,3.63623,491615,177.667,22879.7,0,4330
18,1,2001,0,22,0,3.71183,511626,192.515,23330.5,0,4499
19,1,2002,0,11,0,3.84171,546031,208.173,24148.1,0,3
20,1,2003,0,9,0,3.91481,574740,220.205,24519.4,0,41
21,1,2004,0,4,0,3.96084,601074,233.173,24681.5,0,0
22,1,2005,0,10,0,3.98966,625203,244.334,24736.1,0,33
23,1,2006,0,34,0,3.92963,605759,252.451,24318.2,0,0
24,1,2007,0,19,0,3.82699,540832,268.993,23911,0,0
25,1,2008,0,34,0,3.70162,453019,282.07,23510.4,0,4384
26,1,2009,0,42,0,3.56879,368269,290.232,23083.8,0,662
27,1,2010,0,33,0,3.49662,324377,301.322,22966.5,0,2369
28,1,2011,0,90,0,3.46933,313174,330.218,23015.8,0,3733
29,1,2012,0,51,0,3.43045,303790,459.223,23064.8,0,12
30,1,2013,0,19,0,3.38692,297652,525.684,23117.9,0,3957
31,1,2014,0,31,0,3.33008,294260,592.787,23040.7,0,45481
32,1,2015,0,22,0,3.31082,298038,669.639,23044.6,0,58064
33,1,2016,0,14,0,3.33742,345017,718.014,23112.9,0,677
34,1,2017,0,16,0,3.37924,427514,765.246,23483.1,0,33
35,1,2018,0,23,0,3.39485,629438,810.922,23930.4,0,0
36,1,2019,0,32,0,3.38721,998712,849.663,23717.3,0,2
37,1,2020,0,404,0,0,0,0,0,0,0
38,1,1992,0,0,0,2.61804,1081610,119.933,19786.7,0,0
39,1,1993,0,0,0,2.85312,963817,127.263,21195.9,0,37046
40,1,1994,0,0,0,2.98999,818780,133.063,21658.2,0,38735
41,1,1996,0,0,0,3.28144,665807,152.264,22701.5,0,0
42,1,2021,0,0,0,0,0,0,0,0,4755
43,1,2022,0,0,0,0,0,0,0,0,0
44,1,1960,0,0,0,0,0,0,0,0,887
45,1,1965,0,0,0,0,0,0,0,0,218
46,2,1980,0,35882,0,0,0,0,0,0,18742
47,2,1981,0,29337,0,0,0,0,0,0,19415
48,2,1982,0,27279,0,0,0,0,0,0,46924
49,2,1983,0,21462,0,0,0,0,0,0,37383
50,2,1984,0,20776,0,0,0,0,0,0,17504
51,2,1985,0,27545,0,0,0,0,0,0,31884
52,2,1986,0,23975,0,0,0,0,0,0,35585
53,2,1987,0,19474,0,0,0,0,0,0,34358
54,2,1988,0,31801,0,0,0,0,0,0,23012
55,2,1989,0,21672,0,0,0,0,0,0,35857
56,2,1990,0,29596,0,0,0,0,0,0,43262
57,2,1991,0,12096,0,0,0,0,0,0,153367
58,2,1992,0,10885,0,0,0,0,0,0,92079
59,2,1993,0,14105,0,0,0,0,0,0,76713
60,2,1994,0,11158,0,0,0,0,0,0,162413
61,2,1995,0,15386,0,0,0,0,0,0,72597
62,2,1996,0,2163,0,0,0,0,0,0,108535
63,2,1997,0,1208,0,0,0,0,0,0,118367
64,2,1998,0,1100,0,0,0,0,0,0,211761
65,2,1999,0,3176,0,0,0,0,0,0,210820
66,2,2000,0,2068,0,0,0,0,0,0,124484
67,2,2001,0,134,0,0,0,0,0,0,173954
68,2,2002,0,241,0,0,0,0,0,0,137866
69,2,2003,0,563,0,0,0,0,0,0,108067
70,2,2004,0,1112,0,0,0,0,0,0,95560
71,2,2005,0,1000,0,0,0,0,0,0,125018
72,2,2006,0,1347,0,0,0,0,0,0,234226
73,2,2007,0,483,0,0,0,0,0,0,167298
74,2,2008,0,1106,0,0,0,0,0,0,179323
75,2,2009,0,983,0,0,0,0,0,0,217333
76,2,2010,0,1196,0,0,0,0,0,0,115106
77,2,2011,0,473,0,0,0,0,0,0,188678
78,2,2012,0,187,0,0,0,0,0,0,117570
79,2,2013,0,102,0,0,0,0,0,0,56329
80,2,2014,0,66,0,0,0,0,0,0,105287
81,2,2015,0,35,0,0,0,0,0,0,71176
82,2,2016,0,6,0,0,0,0,0,0,71058
83,2,2017,0,24,0,0,0,0,0,0,179835
84,2,2018,0,100,0,0,0,0,0,0,120650
85,2,2019,0,390,0,0,0,0,0,0,55087
86,2,2020,0,1106,0,0,0,0,0,0,47256
87,2,1970,0,0,0,0,0,0,0,0,11086
88,2,1971,0,0,0,0,0,0,0,0,72654
89,2,1972,0,0,0,0,0,0,0,0,5137
90,2,1973,0,0,0,0,0,0,0,0,6337
91,2,1974,0,0,0,0,0,0,0,0,6074
92,2,1975,0,0,0,0,0,0,0,0,6650
93,2,1976,0,0,0,0,0,0,0,0,3180
94,2,1977,0,0,0,0,0,0,0,0,9502
95,2,1978,0,0,0,0,0,0,0,0,24643
96,2,1979,0,0,0,0,0,0,0,0,21586
97,2,2021,0,0,0,0,0,0,0,0,141467
98,3,1990,0,0,0,4283.07,161375000,1716680,1419730,0,0
99,3,1991,0,0,0,4313.58,165036000,1980980,1434700,0,0
100,3,1992,0,0,0,4331.9,168662000,2202250,1449650,0,0
101,3,1993,0,0,0,4357.96,172655000,2377330,1468060,0,0
102,3,1994,0,0,0,4400.23,177231000,2503190,1492670,0,0
103,3,1995,0,0,0,4456.03,182235000,2581300,1522850,0,0
104,3,1996,0,0,0,4510.27,187688000,2614400,1558220,0,0
105,3,1997,0,0,0,4549.65,193373000,2604930,1594920,0,0
106,3,1998,0,0,0,4581.12,199060000,2559210,1631310,0,0
107,3,1999,0,0,0,4620.69,204628000,2488690,1667110,0,0
108,3,2000,0,0,0,4678.37,209941000,2405360,1701470,0,0
109,3,2001,0,0,0,4740.87,213436000,2316860,1732910,0,0
110,3,2002,0,0,0,4786.36,214484000,2230150,1760700,0,0
111,3,2003,0,0,0,4821.42,214443000,2152550,1785750,0,0
112,3,2004,0,0,0,4854.03,214836000,2085620,1809740,0,0
113,3,2005,0,0,0,4899.11,217327000,2029000,1835040,0,0
114,3,2006,0,0,0,4917.78,220826000,1979670,1858910,0,0
115,3,2007,0,0,0,4889.07,223292000,1934590,1878490,0,0
116,3,2008,0,0,0,4839.05,225112000,1888090,1896230,0,0
117,3,2009,0,0,0,4794.84,226734000,1842410,1914050,0,0
118,3,2010,0,0,0,4784.05,228678000,1800210,1934130,0,0
119,3,2011,0,0,0,4793.85,227490000,1751440,1951540,0,0
120,3,2012,0,0,0,4785.18,221134000,1697840,1961800,0,0
121,3,2013,0,0,0,4765.87,212518000,1642840,1969220,0,0
122,3,2014,0,0,0,4745.49,204792000,1587860,1979420,0,0
123,3,2015,0,0,0,4737.09,201285000,1539600,1998910,0,0
124,3,2016,0,0,0,4698.19,201364000,1491490,2030170,0,0
125,3,2017,0,0,0,4636.3,202922000,1425480,2066350,0,0
126,3,2018,0,0,0,4540.89,205775000,1337120,2084410,0,0
127,3,2019,0,0,0,4378.75,208118000,1287110,2078590,0,0
128,4,1980,0,7,0,0,0,0,0,0,0
129,4,1981,0,7,0,0,0,0,0,0,0
130,4,1982,0,0,0,0,0,0,0,0,0
131,4,1983,0,0,0,0,0,0,0,0,0
132,4,1984,0,0,0,0,0,0,0,0,0
133,4,1985,0,7,0,0,0,0,0,0,0
134,4,1986,0,0,0,0,0,0,0,0,0
135,4,1987,0,0,0,0,0,0,0,0,0
136,4,1988,0,0,0,0,0,0,0,0,0
137,4,1989,0,0,0,0,0,0,0,0,0
138,4,1990,0,0,0,0.0243805,0,3.18445,216.81,0,0
139,4,1991,0,7,0,0.024485,0,3.45465,211.275,0,0
140,4,1992,0,0,0,0.0243414,0,3.67103,205.646,0,0
141,4,1993,0,7,0,0.0240784,0,3.71282,200.168,0,0
142,4,1994,0,0,0,0.0238294,0,3.62942,195.057,0,626
143,4,1995,0,0,0,0.023583,0,3.6543,190.382,0,0
144,4,1996,0,153,0,0.0230258,0,3.69188,186.268,0,0
145,4,1997,0,0,0,0.0222841,0,3.66569,187.337,0,0
146,4,1998,0,0,0,0.0214067,0,3.35099,188.07,0,0
147,4,1999,0,0,0,0.0203165,0,3.01055,178.313,0,0
148,4,2000,0,0,0,0.0196059,0,2.83956,169.366,0,0
149,4,2001,0,0,0,0.0187264,0,3.07647,164.973,0,0
150,4,2002,0,0,0,0.0169773,0,3.2796,160.233,0,0
151,4,2003,0,0,0,0.0147383,0,3.49951,155.237,0,0
152,4,2004,0,0,0,0.0126576,0,3.31794,150.116,0,0
153,4,2005,0,0,0,0.0114918,0,2.97707,145.207,0,0
154,4,2006,0,0,0,0.0110534,0,2.70512,140.295,0,0
155,4,2007,0,0,0,0.01066,0,2.55998,135.084,0,0
156,4,2008,0,0,0,0.0103667,0,2.48358,129.905,0,0
157,4,2009,0,0,0,0.0102469,0,2.38568,125.134,0,0
158,4,2010,0,0,0,0.0103962,0,2.3353,121.226,0,0
159,4,2011,0,0,0,0.0107559,0,2.46601,117.806,0,0
160,4,2012,0,0,0,0.0111907,0,2.3746,114.177,0,0
161,4,2013,0,0,0,0.0116628,0,2.24451,110.223,0,0
162,4,2014,0,0,0,0.0121381,0,2.42244,106.195,0,0
163,4,2015,0,0,0,0.0125889,0,2.62745,102.468,0,0
164,4,2016,0,0,0,0.0134601,0,2.66132,97.5841,0,0
165,4,2017,0,0,0,0.0143269,0,2.69629,94.3484,0,0
166,4,2018,0,0,0,0.0145095,0,2.72804,94.3989,0,0
167,4,2019,0,0,0,0.0142249,0,2.68984,95.8357,0,0
168,4,2020,0,0,0,0,0,0,0,0,0
169,4,2021,0,0,0,0,0,0,0,0,0
170,4,2022,0,0,0,0,0,0,0,0,0
171,5,1980,0,812,0,0,0,0,0,0,614
172,5,1981,0,798,0,0,0,0,0,0,0
173,5,1982,0,497,0,0,0,0,0,0,0
174,5,1983,0,924,0,0,0,0,0,0,218
175,5,1984,0,756,0,0,0,0,0,0,45
176,5,1985,0,462,0,0,0,0,0,0,0
177,5,1986,0,203,0,0,0,0,0,0,0
178,5,1987,0,245,0,0,0,0,0,0,1507
179,5,1988,0,63,0,0,0,0,0,0,699
180,5,1989,0,126,0,0,0,0,0,0,393
181,5,1990,0,14,0,1.77466,2428.51,124.473,10231.1,0,1299
182,5,1991,0,0,0,1.77268,2030.12,135.876,9977.9,0,0
183,5,1992,0,7,0,1.76457,1641.97,158.941,9721.13,0,69
184,5,1993,0,7,0,1.75264,1284.28,172.62,9470.08,0,0
185,5,1994,0,28,0,1.7384,979.401,198.848,9237.55,0,118
186,5,1995,0,28,0,1.72482,751.831,229.408,9036.63,0,0
187,5,1996,0,8,0,1.70788,569.651,249.649,8853.55,0,0
188,5,1997,0,0,0,1.68429,393.71,285.93,8666.49,0,0
189,5,1998,0,0,0,1.65579,240.34,325.859,8482.41,0,0
190,5,1999,0,11,0,1.62876,127.376,354.126,8306.24,0,0
191,5,2000,0,0,0,1.60596,74.0517,413.728,8143.84,0,0
192,5,2001,0,2,0,1.58672,58.9357,458.612,7989.96,0,0
193,5,2002,0,0,0,1.56733,46.9041,485.56,7838.25,0,0
194,5,2003,0,0,0,1.54991,37.6482,543.684,7691.85,0,0
195,5,2004,0,0,0,1.53275,30.81,589.667,7555.56,0,0
196,5,2005,0,0,0,1.51688,25.9813,619.791,7431.98,0,0
197,5,2006,0,0,0,1.49686,21.8554,659.293,7308.86,0,0
198,5,2007,0,0,0,1.46969,17.7537,727.658,7181.04,0,0
199,5,2008,0,0,0,1.4403,14.1999,757.094,7062.96,0,0
200,5,2009,0,0,0,1.41523,11.7582,781.954,6972.41,0,0
201,5,2010,0,0,0,1.40018,11.0327,828.428,6927.12,0,0
202,5,2011,0,0,0,1.39237,11.9148,836.886,6927.19,0,0
203,5,2012,0,0,0,1.38449,13.5671,883.852,6949.87,0,0
204,5,2013,0,0,0,1.3762,15.5014,839.577,6980.99,0,0
205,5,2014,0,0,0,1.368,17.1934,840.172,7004.67,0,0
206,5,2015,0,0,0,1.36153,18.0835,749.411,7003.68,0,0
207,5,2016,0,0,0,1.35211,12.5845,632.926,6930.47,0,0
208,5,2017,0,0,0,1.34703,6.32114,649.563,6873.66,0,0
209,5,2018,0,0,0,1.34756,6.8619,664.292,6889.47,0,0
210,5,2019,0,0,0,1.34616,10.6715,675.619,6921.85,0,0
211,5,2020,0,0,0,0,0,0,0,0,0
212,5,2021,0,0,0,0,0,0,0,0,0
213,5,2022,0,0,0,0,0,0,0,0,0
214,5,1971,0,0,0,0,0,0,0,0,1332
215,5,1972,0,0,0,0,0,0,0,0,646
216,5,1973,0,0,0,0,0,0,0,0,605
217,5,1974,0,0,0,0,0,0,0,0,738
218,5,1975,0,0,0,0,0,0,0,0,1165
219,5,1976,0,0,0,0,0,0,0,0,286
220,5,1977,0,0,0,0,0,0,0,0,262
221,5,1978,0,0,0,0,0,0,0,0,220
222,5,1979,0,0,0,0,0,0,0,0,2513
223,6,1990,0,0,0,0.00356141,0,0.63044,7.31629,0,0
224,6,1991,0,0,0,0.00363435,0,0.536651,7.51843,0,0
225,6,1992,0,0,0,0.00367917,0,0.506537,7.69439,0,0
226,6,1993,0,0,0,0.00370732,0,0.595202,7.84484,0,0
227,6,1994,0,0,0,0.00372735,0,0.66909,7.97073,0,0
228,6,1995,0,0,0,0.00376141,0,0.694149,8.07337,0,0
229,6,1996,0,0,0,0.00367153,0,0.692141,8.14205,0,0
230,6,1997,0,0,0,0.00342132,0,0.702742,8.16817,0,0
231,6,1998,0,0,0,0.00311014,0,0.73807,8.16722,0,0
232,6,1999,0,0,0,0.0028557,0,0.800524,8.15611,0,0
233,6,2000,0,0,0,0.00279513,0,0.870629,8.15187,0,0
234,6,2001,0,0,0,0.00303118,0,0.952871,8.1481,0,0
235,6,2002,0,0,0,0.00351204,0,1.04751,8.12525,0,0
236,6,2003,0,0,0,0.00410104,0,1.13149,8.09174,0,0
237,6,2004,0,0,0,0.00465265,0,1.218,8.05673,0,0
238,6,2005,0,0,0,0.00501667,0,1.31053,8.02732,0,0
239,6,2006,0,0,0,0.00526779,0,1.31236,8.01872,0,0
240,6,2007,0,0,0,0.00556099,0,1.29376,8.02489,0,0
241,6,2008,0,0,0,0.0058692,0,1.27768,8.03801,0,0
242,6,2009,0,0,0,0.00615092,0,1.2301,8.04725,0,0
243,6,2010,0,0,0,0.00636658,0,1.13373,8.04703,0,0
244,6,2011,0,0,0,0.00653919,0,1.11962,7.98022,0,0
245,6,2012,0,0,0,0.0066954,0,1.18734,7.8109,0,0
246,6,2013,0,0,0,0.00683442,0,1.14857,7.58084,0,0
247,6,2014,0,0,0,0.00695766,0,1.20791,7.33388,0,0
248,6,2015,0,0,0,0.00706324,0,1.24249,7.11533,0,0
249,6,2016,0,0,0,0.00765094,0,1.36202,6.83534,0,0
250,6,2017,0,0,0,0.00826429,0,1.34216,6.67437,0,0
251,6,2018,0,0,0,0.00813939,0,1.31766,6.93158,0,0
252,6,2019,0,0,0,0.0074481,0,1.32992,7.55059,0,0
253,7,1980,0,20923,0,0,0,0,0,0,0
254,7,1981,0,10094,0,0,0,0,0,0,0
255,7,1982,0,6972,0,0,0,0,0,0,0
256,7,1983,0,7511,0,0,0,0,0,0,0
257,7,1984,0,4053,0,0,0,0,0,0,0
258,7,1985,0,5005,0,0,0,0,0,0,0
259,7,1986,0,6335,0,0,0,0,0,0,0
260,7,1987,0,4193,0,0,0,0,0,0,0
261,7,1988,0,2198,0,0,0,0,0,0,0
262,7,1989,0,770,0,0,0,0,0,0,0
263,7,1990,0,126,0,0,0,0,0,0,0
264,7,1991,0,63,0,0,0,0,0,0,0
265,7,1992,0,0,0,0,0,0,0,0,0
266,7,1993,0,0,0,0,0,0,0,0,0
267,7,1994,0,0,0,0,0,0,0,0,0
268,7,1995,0,0,0,0,0,0,0,0,0
269,7,1996,0,0,0,0,0,0,0,0,0
270,7,1997,0,0,0,0,0,0,0,0,0
271,7,1998,0,0,0,0,0,0,0,0,0
272,7,1999,0,0,0,0,0,0,0,0,0
273,7,2000,0,13,0,0,0,0,0,0,0
274,7,2001,0,18,0,0,0,0,0,0,0
275,7,2002,0,0,0,0,0,0,0,0,0
276,7,2003,0,0,0,0,0,0,0,0,0
277,7,2004,0,0,0,0,0,0,0,0,0
278,7,2005,0,0,0,0,0,0,0,0,0
279,7,2006,0,0,0,0,0,0,0,0,0
280,7,2007,0,0,0,0,0,0,0,0,0
281,7,2008,0,0,0,0,0,0,0,0,0
282,7,2009,0,0,0,0,0,0,0,0,0
283,7,2010,0,0,0,0,0,0,0,0,0
284,7,2011,0,0,0,0,0,0,0,0,0
285,7,2012,0,0,0,0,0,0,0,0,0
286,7,2013,0,0,0,0,0,0,0,0,0
287,7,2014,0,0,0,0,0,0,0,0,0
288,7,2015,0,0,0,0,0,0,0,0,0
289,7,2016,0,0,0,0,0,0,0,0,0
290,7,2017,0,0,0,0,0,0,0,0,0
291,7,2018,0,0,0,0,0,0,0,0,0
292,7,2019,0,0,0,0,0,0,0,0,0
293,7,2020,0,0,0,0,0,0,0,0,0
294,8,1999,0,0,0,0.0000716596,0,3.40329,3.75296,0,0
295,8,2000,0,0,0,0.0000732339,0,3.27288,3.62768,0,0
296,8,2001,0,0,0,0.0000749033,0,3.26261,3.54484,0,0
297,8,2002,0,0,0,0.0000768196,0,6.24056,3.50805,0,0
298,8,2003,0,0,0,0.0000802885,0,4.17055,3.70458,0,0
299,8,2004,0,0,0,0.0000841228,0,3.79172,3.87461,0,0
300,8,2005,0,0,0,0.0000862387,0,6.38773,3.89985,0,0
301,8,2006,0,0,0,0.0000887977,0,4.24485,3.93889,0,0
302,8,2007,0,0,0,0.0000914037,0,4.25115,3.9338,0,0
303,8,2008,0,0,0,0.000093706,0,5.62034,3.89601,0,0
304,8,2009,0,0,0,0.0000959177,0,7.64796,3.77511,0,0
305,8,2010,0,0,0,0.0000981536,0,5.60773,3.6845,0,0
306,8,2011,0,0,0,0.0000977752,0,5.05476,3.35123,0,0
307,8,2012,0,0,0,0.000102749,0,6.52329,3.16936,0,0
308,8,2013,0,0,0,0.000109044,0,6.60465,3.05309,0,0
309,8,2014,0,0,0,0.000115753,0,6.74338,2.98904,0,0
310,8,2015,0,0,0,0.000122277,0,6.86304,2.94814,0,0
311,8,2016,0,0,0,0.000125829,0,6.87172,2.90539,0,0
312,8,2017,0,0,0,0.000131575,0,7.08136,2.94672,0,0
313,8,2018,0,0,0,0.000134642,0,7.23114,2.9979,0,0
314,8,2019,0,0,0,0.000138457,0,7.37807,3.05679,0,0
315,8,2020,0,0,0,0,0,0,0,0,0
316,8,1980,0,0,0,0,0,0,0,0,0
317,8,1981,0,0,0,0,0,0,0,0,0
318,8,1982,0,0,0,0,0,0,0,0,0
319,8,1983,0,0,0,0,0,0,0,0,0
320,8,1984,0,0,0,0,0,0,0,0,0
321,8,1985,0,0,0,0,0,0,0,0,0
322,8,1986,0,0,0,0,0,0,0,0,0
323,8,1987,0,0,0,0,0,0,0,0,0
324,8,1988,0,0,0,0,0,0,0,0,0
325,8,1989,0,0,0,0,0,0,0,0,0
326,8,1990,0,0,0,0.0000550928,0,5.05908,3.81365,0,0
327,8,1991,0,0,0,0.000058883,0,5.3305,4.09939,0,0
328,8,1992,0,0,0,0.0000612906,0,4.68088,4.22354,0,0
329,8,1993,0,0,0,0.0000636304,0,4.21976,4.34007,0,0
330,8,1994,0,0,0,0.0000636616,0,5.01838,4.20371,0,0
331,8,1995,0,0,0,0.0000642911,0,4.11764,4.06964,0,0
332,8,1996,0,0,0,0.0000657437,0,3.81993,4.00416,0,0
333,8,1997,0,0,0,0.0000677251,0,3.7201,3.94849,0,0
334,8,1998,0,0,0,0.0000694254,0,3.61758,3.8673,0,0
335,8,2021,0,0,0,0,0,0,0,0,0
336,8,2022,0,0,0,0,0,0,0,0,0
337,9,1980,0,224,0,0,0,0,0,0,0
338,9,1981,0,84,0,0,0,0,0,0,0
339,9,1982,0,42,0,0,0,0,0,0,0
340,9,1983,0,0,0,0,0,0,0,0,0
341,9,1984,0,21,0,0,0,0,0,0,0
342,9,1985,0,98,0,0,0,0,0,0,0
343,9,1986,0,259,0,0,0,0,0,0,0
344,9,1987,0,105,0,0,0,0,0,0,16222
345,9,1988,0,0,0,0,0,0,0,0,15500
346,9,1989,0,0,0,0,0,0,0,0,17601
347,9,1991,0,0,0,15.4576,3509190,3829,31776.9,0,8590
348,9,1992,0,0,0,15.6137,3633420,5121.84,32864.6,0,3608
349,9,1993,0,1043,0,15.722,3761340,6623.9,33963.7,0,0
350,9,1994,0,378,0,15.7944,3894740,8285.54,35081.3,0,3443
351,9,1995,0,1064,0,15.8553,4036520,10038.8,36252.2,0,3295
352,9,1996,0,90,0,15.8089,4185120,11805,37436.5,0,1306
353,9,1997,0,17,0,15.5961,4338620,13511.7,38623.6,0,0
354,9,1998,0,8,0,15.278,4495670,15092.2,39828.7,0,0
355,9,1999,0,1224,0,14.9391,4658160,16503.8,41103.4,0,0
356,9,2000,0,128,0,14.6821,4828810,17737,42523.6,0,0
357,9,2001,0,2,0,14.4867,5013270,18791.8,44091.5,0,0
358,9,2002,0,0,0,14.2746,5212390,19714.2,45769.6,0,0
359,9,2003,0,0,0,14.0578,5418970,20583.1,47526.8,0,0
360,9,2004,0,0,0,13.8468,5623630,21474.7,49314.9,0,0
361,9,2005,0,11,0,13.6558,5815450,22352.5,51101,0,0
362,9,2006,0,2,0,13.4438,5747150,23393.2,52816.2,0,67257
363,9,2007,0,9,0,13.1636,5302660,24697.9,54433.1,0,18422
364,9,2008,0,32,0,12.8288,4692400,26164.6,55948.6,0,10511
365,9,2009,0,32,0,12.4533,4166700,27783,57351.6,0,2019
366,9,2010,0,37,0,12.0639,4021060,29676.9,58638,0,1484
367,9,2011,0,6,0,11.6046,4194400,31732.2,59478.7,0,1810
368,9,2012,0,0,0,11.0392,4403570,33387.8,59712.7,0,1215
369,9,2013,0,0,0,10.4175,4646450,34408.1,59642.9,0,6655
370,9,2014,0,0,0,9.80004,4920420,35154.4,59630.5,0,213
371,9,2015,0,0,0,9.25047,5221960,36338.7,60086.8,0,0
372,9,2016,0,0,0,8.74512,5841200,38198.6,60953.5,0,78
373,9,2017,0,0,0,8.35817,6407810,40191.2,61982.4,0,828
374,9,2018,0,0,1,8.12001,6540700,42326.5,62715.1,0,1546
375,9,2019,0,153,1,7.96438,6475960,43510.6,62933.6,0,0
376,9,2020,0,6,1,0,0,0,0,0,0
377,9,1990,0,0,0,15.2557,3389820,2769.36,30723.8,0,9527
378,9,2021,0,0,0,0,0,0,0,0,0
379,9,2022,0,0,0,0,0,0,0,0,0
380,9,1971,0,0,0,0,0,0,0,0,1
381,9,1972,0,0,0,0,0,0,0,0,268
382,9,1973,0,0,0,0,0,0,0,0,263
383,9,1974,0,0,0,0,0,0,0,0,934
384,9,1975,0,0,0,0,0,0,0,0,88
385,9,1977,0,0,0,0,0,0,0,0,726
386,10,1980,0,0,0,0,0,0,0,0,0
387,10,1981,0,0,0,0,0,0,0,0,0
388,10,1982,0,0,0,0,0,0,0,0,0
389,10,1983,0,0,0,0,0,0,0,0,0
390,10,1984,0,0,0,0,0,0,0,0,0
391,10,1985,0,0,0,0,0,0,0,0,0
392,10,1986,0,0,0,0,0,0,0,0,0
393,10,1987,0,0,0,0,0,0,0,0,0
394,10,1988,0,0,0,0,0,0,0,0,0
395,10,1989,0,0,0,0,0,0,0,0,0
396,10,1990,0,0,0,0.0015899,0,15.6963,20.8185,0,0
397,10,1991,0,0,0,0.00143268,0,15.9239,20.7127,0,0
398,10,1992,0,0,0,0.00129147,0,15.951,20.687,0,0
399,10,1993,0,0,0,0.00117844,0,16.2435,20.7273,0,0
400,10,1994,0,0,0,0.00110753,0,16.3044,20.8242,0,0
401,10,1995,0,0,0,0.00109323,0,16.2228,20.9737,0,0
402,10,1996,0,0,0,0.00111244,0,15.9534,21.1144,0,0
403,10,1997,0,0,0,0.0011339,0,16.5915,21.2148,0,0
404,10,1998,0,0,0,0.00116328,0,17.168,21.3273,0,0
405,10,1999,0,0,0,0.00120903,0,16.3221,21.5153,0,0
406,10,2000,0,0,0,0.00127935,0,14.9708,21.8371,0,0
407,10,2001,0,0,0,0.00139093,0,13.8322,22.384,0,0
408,10,2002,0,0,0,0.00153852,0,12.4212,23.1014,0,0
409,10,2003,0,0,0,0.00170251,0,11.0706,23.8489,0,0
410,10,2004,0,0,0,0.00186305,0,10.333,24.4722,0,0
411,10,2005,0,0,0,0.00200071,0,10.1649,24.8088,0,0
412,10,2006,0,0,0,0.00216056,0,10.6084,24.808,0,0
413,10,2007,0,0,0,0.00239021,0,11.3533,24.5715,0,0
414,10,2008,0,0,0,0.00266802,0,14.2393,24.179,0,0
415,10,2010,0,0,0,0.00329465,0,18.9514,23.2788,0,0
416,10,2009,0,0,0,0.00297537,0,16.3805,23.7224,0,0
417,10,2011,0,0,0,0.00376718,0,20.2016,22.7123,0,0
418,10,2012,0,0,0,0.00443397,0,22.3859,21.9089,0,0
419,10,2013,0,0,0,0.00513269,0,24.9337,20.9795,0,0
420,10,2014,0,0,0,0.00569623,0,25.981,20.035,0,0
421,10,2015,0,0,0,0.00595183,0,26.2105,19.1914,0,0
422,10,2016,0,0,0,0.0056576,0,26.4457,17.9174,0,0
423,10,2017,0,0,0,0.00521541,0,27.1691,17.038,0,0
424,10,2018,0,0,0,0.00499378,0,27.762,17.2536,0,0
425,10,2019,0,0,0,0.00484484,0,28.0231,17.9654,0,0
426,10,2020,0,0,0,0,0,0,0,0,0
427,10,2021,0,0,0,0,0,0,0,0,0
428,10,2022,0,0,0,0,0,0,0,0,0
429,11,1980,0,224,0,0,0,0,0,0,0
430,11,1981,0,14,0,0,0,0,0,0,0
431,11,1982,0,84,0,0,0,0,0,0,0
432,11,1983,0,182,0,0,0,0,0,0,0
433,11,1984,0,7,0,0,0,0,0,0,0
434,11,1985,0,14,0,0,0,0,0,0,0
435,11,1986,0,0,0,0,0,0,0,0,0
436,11,1987,0,0,0,0,0,0,0,0,0
437,11,1988,0,0,0,0,0,0,0,0,0
438,11,1989,0,0,0,0,0,0,0,0,0
439,11,1990,0,0,0,1.5078,1660.09,5156.75,7092.71,0,0
440,11,1991,0,0,0,1.30151,1544.37,5359.86,6854.85,0,0
441,11,1992,0,0,0,1.10638,1426.57,5394.11,6636.9,0,0
442,11,1993,0,0,0,0.934581,1307.22,5397.7,6448.02,0,2350
443,11,1994,0,0,0,0.799404,1186.8,5499.33,6298.85,0,889
444,11,1995,0,0,0,0.714685,1065.23,5709.55,6200.82,0,188
445,11,1996,0,0,0,0.659258,931.686,5889.96,6151.46,0,474
446,11,1997,0,0,0,0.606111,785.89,6477.31,6130.51,0,637
447,11,1998,0,0,0,0.560932,644.007,6927.87,6121.4,0,12
448,11,1999,0,0,0,0.529751,522.864,6833.34,6106.78,0,0
449,11,2000,0,0,0,0.519033,440.082,6992.81,6072.02,0,0
450,11,2001,0,0,0,0.522258,390.396,6977.13,6006.72,0,0
451,11,2002,0,0,0,0.528584,352.682,7153.65,5916.22,0,0
452,11,2003,0,0,0,0.536807,321.135,7185.44,5808.95,0,0
453,11,2004,0,0,0,0.545852,289.688,7153.87,5693.64,0,0
454,11,2005,0,0,0,0.554363,251.877,7328.54,5579.67,0,0
455,11,2006,0,0,0,0.557289,198.489,7919.33,5442.09,0,0
456,11,2007,0,0,0,0.55318,133.172,8252.14,5272.92,0,0
457,11,2008,0,0,0,0.545355,69.0151,8418.49,5111.19,0,0
458,11,2009,0,0,0,0.537463,19.7785,8638.93,4994.15,0,0
459,11,2010,0,0,0,0.533427,0,8522.11,4956.66,0,0
460,11,2011,0,0,0,0.532108,0,8934.27,5058.78,0,0
461,11,2012,0,0,0,0.529987,0,9233.94,5281.48,0,0
462,11,2013,0,0,0,0.528639,0,9265.11,5544.81,0,0
463,11,2014,0,0,0,0.529748,0,9577,5765.71,0,0
464,11,2015,0,0,0,0.535049,0,9954.54,5853.39,0,0
465,11,2016,0,0,0,0.550138,0,10449.2,5781.79,0,0
466,11,2017,0,0,0,0.565059,0,11000,5692.88,0,0
467,11,2018,0,0,0,0.569619,0,11539.7,5643.04,0,0
468,11,2019,0,0,0,0.567866,0,11633.5,5596.74,0,0
469,11,2020,0,0,0,0,0,0,0,0,0
470,11,2021,0,0,0,0,0,0,0,0,0
471,11,2022,0,0,0,0,0,0,0,0,0
472,12,1991,0,21,0,8.69053,0,1.94965,1495.2,0,0
473,12,1992,0,7,0,10.0662,0,1.85912,1405.24,0,0
474,12,1993,0,0,0,11.4065,0,1.78647,1332.14,0,0
475,12,1994,0,35,0,13.2479,0,2.13343,1281.53,0,0
476,12,1995,0,21,0,15.2023,0,3.00563,1259.3,0,0
477,12,1996,0,0,0,17.6426,89.6716,4.07009,1265.69,0,0
478,12,1997,0,0,0,20.3156,303.654,5.67723,1290.41,0,0
479,12,1998,0,0,0,23.0291,559.344,7.38875,1323.76,0,25
480,12,1999,0,0,0,24.9479,773.903,10.6959,1356.03,0,0
481,12,2000,0,0,0,26.2922,864.205,15.8346,1378.67,0,0
482,12,2001,0,0,0,24.4818,777.977,21.8994,1397.48,0,0
483,12,2002,0,0,0,19.7654,570.888,27.4726,1419.46,0,0
484,12,2003,0,0,0,13.5483,323.077,31.8836,1440.36,0,0
485,12,2004,0,0,0,8.03152,113.898,35.1675,1455.79,0,0
486,12,2005,0,0,0,5.05005,21.4349,38.0662,1461.17,0,0
487,12,2006,0,0,0,3.9187,13.8086,40.9598,1451.29,0,0
488,12,2007,0,0,0,2.96246,7.81347,46.9223,1427.32,0,0
489,12,2008,0,0,0,2.19239,3.49251,53.5503,1394.9,0,0
490,12,2009,0,0,0,1.62513,0.878118,64.7216,1359.06,0,0
491,12,2010,0,0,0,1.2481,0,85.2971,1324.1,0,0
492,12,2011,0,0,0,0.972228,0,112.352,1263.3,0,0
493,12,2012,0,0,0,0.723934,0,129.808,1164.64,0,0
494,12,2013,0,0,0,0.525175,0,165.583,1054.18,0,0
495,12,2014,0,0,0,0.400318,0,161.765,956.912,0,0
496,12,2015,0,0,0,0.350742,0,146.895,898.969,0,0
497,12,2016,0,0,0,0.348525,0,124.505,873.182,0,0
498,12,2017,0,0,0,0.35427,0,126.823,849.022,0,0
499,12,2018,0,0,0,0.36045,0,129.298,817.546,0,0
500,12,2019,0,0,0,0.369019,0,127.898,778.19,0,0
501,12,2020,0,0,0,0,0,0,0,0,0
502,12,1980,0,0,0,0,0,0,0,0,0
503,12,1981,0,0,0,0,0,0,0,0,0
504,12,1982,0,0,0,0,0,0,0,0,0
505,12,1983,0,0,0,0,0,0,0,0,0
506,12,1984,0,0,0,0,0,0,0,0,0
507,12,1985,0,0,0,0,0,0,0,0,0
508,12,1986,0,0,0,0,0,0,0,0,0
509,12,1987,0,0,0,0,0,0,0,0,0
510,12,1988,0,0,0,0,0,0,0,0,0
511,12,1989,0,0,0,0,0,0,0,0,0
512,12,1990,0,0,0,7.5542,0,2.08506,1596.25,0,0
513,12,2021,0,0,0,0,0,0,0,0,0
514,12,2022,0,0,0,0,0,0,0,0,0
515,13,1949,0,0,0,0,0,0,0,0,17
516,13,1950,0,0,0,0,0,0,0,0,34665
517,13,1951,0,0,0,0,0,0,0,0,114518
518,13,1952,0,0,0,0,0,0,0,0,123025
519,13,1953,0,0,0,0,0,0,0,0,240927
520,13,1954,0,0,0,0,0,0,0,0,37804
521,13,1955,0,0,0,0,0,0,0,0,40218
522,13,1956,0,0,0,0,0,0,0,0,63542
523,13,1957,0,0,0,0,0,0,0,0,63031
524,13,1958,0,0,0,0,0,0,0,0,95763
525,13,1959,0,0,0,0,0,0,0,0,36138
526,13,1960,0,0,0,0,0,0,0,0,38130
527,13,1961,0,0,0,0,0,0,0,0,61966
528,13,1962,0,0,0,0,0,0,0,0,67434
529,13,1963,0,0,0,0,0,0,0,0,59437
530,13,1964,0,0,0,0,0,0,0,0,95938
531,13,1965,0,0,0,0,0,0,0,0,56609
532,13,1966,0,0,0,0,0,0,0,0,31146
533,13,1967,0,0,0,0,0,0,0,0,24748
534,13,1968,0,0,0,0,0,0,0,0,34164
535,13,1969,0,0,0,0,0,0,0,0,36173
536,13,1970,0,0,0,0,0,0,0,0,52182
537,13,1971,0,0,0,0,0,0,0,0,103307
538,13,1972,0,0,0,0,0,0,0,0,75064
539,13,1973,0,0,0,0,0,0,0,0,102148
540,13,1974,0,0,0,0,0,0,0,0,89077
541,13,1975,0,0,0,0,0,0,0,0,85316
542,13,1976,0,0,0,0,0,0,0,0,65426
543,13,1977,0,0,0,0,0,0,0,0,52457
544,13,1978,0,0,0,0,0,0,0,0,52497
545,13,1979,0,0,0,0,0,0,0,0,35719
546,13,1980,0,0,0,0,0,0,0,0,24015
547,13,1981,0,0,0,0,0,0,0,0,32172
548,13,1982,0,0,0,0,0,0,0,0,17978
549,13,1983,0,0,0,0,0,0,0,0,27852
550,13,1984,0,0,0,0,0,0,0,0,11808
551,13,1985,0,0,0,0,0,0,0,0,13387
552,13,1986,0,0,0,0,0,0,0,0,17101
553,13,1987,0,0,0,0,0,0,0,0,21725
554,13,1988,0,0,0,0,0,0,0,0,30884
555,13,1989,0,0,0,0,0,0,0,0,18239
556,13,1990,0,0,0,0,0,0,0,0,31065
557,13,1991,0,0,0,0,0,0,0,0,49811
558,13,1992,0,0,0,0,0,0,0,0,16812
559,13,1993,0,0,0,0,0,0,0,0,93501
560,13,1994,0,0,0,0,0,0,0,0,106588
561,13,1995,0,0,0,0,0,0,0,0,55451
562,13,1996,0,0,0,0,0,0,0,0,10627
563,13,1997,0,0,0,0,0,0,0,0,13252
564,13,1998,0,0,0,0,0,0,0,0,29842
565,13,1999,0,0,0,0,0,0,0,0,42858
566,13,2000,0,0,0,0,0,0,0,0,12572
567,13,2001,0,0,0,0,0,0,0,0,11403
568,13,2002,0,0,0,0,0,0,0,0,4405
569,13,2003,0,0,0,0,0,0,0,0,3457
570,13,2004,0,0,0,0,0,0,0,0,5762
571,13,2005,0,0,0,0,0,0,0,0,6824
572,13,2006,0,0,0,0,0,0,0,0,2472
573,13,2007,0,0,0,0,0,0,0,0,11326
574,13,2008,0,0,0,0,0,0,0,0,10778
575,13,2009,0,0,0,0,0,0,0,0,1902
576,13,2010,0,0,0,0,0,0,0,0,13819
577,13,2011,0,0,0,0,0,0,0,0,38298
578,13,2012,0,0,0,0,0,0,0,0,7367
579,13,2013,0,0,0,0,0,0,0,0,11576
580,13,2014,0,0,0,0,0,0,0,0,56787
581,13,2015,0,0,0,0,0,0,0,0,64590
582,13,2016,0,0,0,0,0,0,0,0,18442
583,13,2017,0,0,0,0,0,0,0,0,1033100
584,13,2018,0,0,0,0,0,0,0,0,374888
585,13,2019,0,0,0,0,0,0,0,0,867215
586,13,2020,0,0,0,0,0,0,0,0,276109
587,13,2021,0,0,0,0,0,0,0,0,81902
588,14,1980,0,0,0,0,0,0,0,0,2
589,14,1981,0,0,0,0,0,0,0,0,2
590,14,1982,0,0,0,0,0,0,0,0,1
591,14,1983,0,0,0,0,0,0,0,0,4
592,14,1984,0,0,0,0,0,0,0,0,1
593,14,1985,0,0,0,0,0,0,0,0,2
594,14,1986,0,7,0,0,0,0,0,0,0
595,14,1987,0,0,0,0,0,0,0,0,1
596,14,1988,0,0,0,0,0,0,0,0,1
597,14,1989,0,0,0,0,0,0,0,0,0
598,14,1990,0,0,0,0.0153756,0,1158.6,1430.5,0,0
599,14,1991,0,0,0,0.014953,0,1076.65,1416.1,0,0
600,14,1992,0,0,0,0.0144269,0,1040.37,1396.21,0,3
601,14,1993,0,0,0,0.01383,0,988.394,1373.58,0,5
602,14,1994,0,0,0,0.0131849,0,970.485,1350.6,0,3
603,14,1995,0,0,0,0.0125674,0,964.952,1329.96,0,5
604,14,1996,0,0,0,0.0118718,0,1180.81,1301.49,0,2
605,14,1997,0,0,0,0.0111706,0,1357.14,1259.92,0,2
606,14,1998,0,0,0,0.0106983,0,1210.02,1216.26,0,5
607,14,1999,0,0,0,0.0106553,0,1195.76,1182.41,0,4
608,14,2000,0,0,0,0.0111833,0,1104.09,1170,0,1
609,14,2001,0,0,0,0.0121705,0,996.793,1171.52,0,2
610,14,2002,0,0,0,0.013318,0,946,1172.19,0,5
611,14,2003,0,0,0,0.0145656,0,900.995,1172.84,0,0
612,14,2004,0,0,0,0.0158215,0,942.996,1175.08,0,2
613,14,2005,0,0,0,0.0169812,0,917.2,1181.15,0,2
614,14,2006,0,0,0,0.0182526,0,978.993,1191.73,0,3
615,14,2007,0,0,0,0.0197135,0,1064.98,1206.17,0,3
616,14,2008,0,0,0,0.0212935,0,1026.98,1222.98,0,0
617,14,2009,0,0,0,0.0229423,0,1085.31,1241.3,0,0
618,14,2010,0,0,0,0.0247862,0,1028.79,1259.89,0,3
619,14,2011,0,0,0,0.0286409,0,1032.25,1277.16,0,6
620,14,2012,0,0,0,0.035252,0,1108.81,1293.49,0,5
621,14,2013,0,0,0,0.0428608,0,1171.11,1308.3,0,3
622,14,2014,0,0,0,0.049748,0,1217.36,1321.57,0,2
623,14,2015,0,0,0,0.0542806,0,1291.07,1333.64,0,2
624,14,2016,0,0,0,0.0555436,0,1350.79,1335.77,0,1
625,14,2017,0,0,0,0.055484,0,1410.14,1337.87,0,3
626,14,2018,0,0,0,0.0548809,0,1473.13,1352.4,0,0
627,14,2019,0,0,0,0.0529324,0,1487.28,1373.71,0,2
628,14,2020,0,0,0,0,0,0,0,0,0
629,14,2021,0,0,0,0,0,0,0,0,0
630,14,2022,0,0,0,0,0,0,0,0,0
631,14,1972,0,0,0,0,0,0,0,0,40
632,14,1977,0,0,0,0,0,0,0,0,2
633,14,1978,0,0,0,0,0,0,0,0,1
634,14,1979,0,0,0,0,0,0,0,0,1
635,15,1980,0,7,0,0,0,0,0,0,0
636,15,1981,0,0,0,0,0,0,0,0,0
637,15,1982,0,0,0,0,0,0,0,0,0
638,15,1983,0,0,0,0,0,0,0,0,0
639,15,1984,0,0,0,0,0,0,0,0,0
640,15,1985,0,0,0,0,0,0,0,0,0
641,15,1986,0,0,0,0,0,0,0,0,0
642,15,1987,0,0,0,0,0,0,0,0,0
643,15,1988,0,0,0,0,0,0,0,0,0
644,15,1989,0,0,0,0,0,0,0,0,0
645,15,1990,0,0,0,0.00785638,0,639.504,1133.5,0,2
646,15,1991,0,0,0,0.00712398,0,634.411,1100.57,0,0
647,15,1992,0,0,0,0.0064662,0,582.95,1066.94,0,0
648,15,1993,0,0,0,0.00587795,0,506.718,1034.34,0,1
649,15,1994,0,0,0,0.00541193,0,393.349,1004.01,0,1
650,15,1995,0,0,0,0.00512165,0,355.716,976.997,0,0
651,15,1996,0,0,0,0.00504818,0,343.773,949.28,0,1
652,15,1997,0,0,0,0.00522347,0,400.16,918.451,0,0
653,15,1998,0,0,0,0.00553901,0,423.645,886.525,0,1
654,15,1999,0,0,0,0.00589895,0,479.419,856.347,0,1
655,15,2000,0,0,0,0.00617482,0,577.033,831.258,0,0
656,15,2001,0,0,0,0.00643855,0,678.185,805.525,0,0
657,15,2002,0,0,0,0.00688547,0,687.594,774.443,0,1
658,15,2003,0,0,0,0.00738364,0,699.354,742.628,0,0
659,15,2004,0,0,0,0.00780996,0,680.225,715.241,0,0
660,15,2005,0,0,0,0.0080731,0,593.849,696.865,0,1
661,15,2006,0,0,0,0.00798953,0,617.745,683.826,0,0
662,15,2007,0,0,0,0.00777098,0,571.666,670.52,0,0
663,15,2008,0,0,0,0.00755503,0,574.51,657.064,0,0
664,15,2009,0,0,0,0.00747016,0,631.396,643.337,0,0
665,15,2010,0,0,0,0.00777438,0,643.761,629.495,0,0
666,15,2011,0,0,0,0.00805002,0,700.56,612.73,0,0
667,15,2012,0,0,0,0.00851605,0,747.051,592.646,0,0
668,15,2013,0,0,0,0.00898327,0,661.093,572.397,0,0
669,15,2014,0,0,0,0.00948139,0,632.593,555.587,0,0
670,15,2015,0,0,0,0.00998683,0,585.412,545.748,0,0
671,15,2016,0,0,0,0.00891423,0,662.145,539.004,0,0
672,15,2017,0,0,0,0.00756844,0,665.482,533.239,0,0
673,15,2018,0,0,0,0.00745315,0,666.534,531.333,0,0
674,15,2019,0,0,0,0.00749255,0,671.083,532.34,0,0
675,15,2020,0,0,0,0,0,0,0,0,0
676,15,2021,0,0,0,0,0,0,0,0,0
677,15,2022,0,0,0,0,0,0,0,0,0
678,16,1991,0,147,0,13.2499,4802.89,51.7901,5120.58,0,0
679,16,1992,0,154,0,14.0046,8835.64,54.8958,5485.17,0,0
680,16,1993,0,483,0,14.6873,12040.2,58.7105,5794.53,0,0
681,16,1994,0,112,0,15.2078,14208.2,63.7108,6029.79,0,18
682,16,1995,0,35,0,15.6442,15122.5,69.7404,6174.88,0,0
683,16,1996,0,0,0,15.9178,14762.9,77.747,6265.16,0,0
684,16,1997,0,0,0,16.1593,13487.2,84.9812,6351.63,0,0
685,16,1998,0,0,0,16.2483,11661.7,88.0112,6431.64,0,0
686,16,1999,0,0,0,16.2457,9688.23,87.0263,6512.79,0,0
687,16,2000,0,0,0,16.0227,7978.43,84.4048,6595.56,0,0
688,16,2001,0,0,0,15.3645,6364.85,78.7048,6653.59,0,0
689,16,2002,0,0,0,13.9936,4550.84,78.703,6659.02,0,0
690,16,2003,0,0,0,12.3883,2811.42,79.5626,6622.34,0,0
691,16,2004,0,0,0,10.7851,1439.29,83.123,6552.64,0,0
692,16,2005,0,0,0,9.63243,746.049,89.4423,6463.41,0,0
693,16,2006,0,0,0,8.74584,520.079,98.8039,6337.64,0,0
694,16,2007,0,0,0,7.92731,333.822,111.611,6174.98,0,0
695,16,2008,0,0,0,7.16197,190.767,127.493,6004.39,0,0
696,16,2009,0,0,0,6.63215,94.8304,151.534,5861.79,0,0
697,16,2010,0,0,0,6.35242,49.9826,159.767,5780.85,0,0
698,16,2011,0,0,0,6.28262,33.3298,231.527,5741.79,0,0
699,16,2012,0,0,0,6.1978,19.5098,257.011,5704.01,0,0
700,16,2013,0,0,0,6.14356,9.01262,270.873,5674.28,0,0
701,16,2014,0,0,0,6.09042,2.33945,288.115,5660.48,0,0
702,16,2015,0,0,0,6.09052,0,292.44,5671.48,0,0
703,16,2016,0,0,0,6.11338,0,294.217,5733.85,0,0
704,16,2017,0,0,0,6.20133,0,298.657,5784.64,0,0
705,16,2018,0,0,0,6.31777,0,303.526,5667.42,0,0
706,16,2019,0,0,0,6.47101,0,304.823,5386.95,0,0
707,16,2020,0,0,0,0,0,0,0,0,0
708,16,1980,0,0,0,0,0,0,0,0,0
709,16,1981,0,0,0,0,0,0,0,0,0
710,16,1982,0,0,0,0,0,0,0,0,0
711,16,1983,0,0,0,0,0,0,0,0,0
712,16,1984,0,0,0,0,0,0,0,0,0
713,16,1985,0,0,0,0,0,0,0,0,0
714,16,1986,0,0,0,0,0,0,0,0,0
715,16,1987,0,0,0,0,0,0,0,0,0
716,16,1988,0,0,0,0,0,0,0,0,0
717,16,1989,0,0,0,0,0,0,0,0,0
718,16,1990,0,0,0,12.2994,150.696,57.9468,4720.62,0,0
719,16,2021,0,0,0,0,0,0,0,0,0
720,16,2022,0,0,0,0,0,0,0,0,0
721,17,1980,0,0,0,0,0,0,0,0,0
722,17,1981,0,0,0,0,0,0,0,0,0
723,17,1982,0,0,0,0,0,0,0,0,0
724,17,1983,0,0,0,0,0,0,0,0,0
725,17,1984,0,0,0,0,0,0,0,0,0
726,17,1985,0,0,0,0,0,0,0,0,0
727,17,1986,0,0,0,0,0,0,0,0,0
728,17,1987,0,0,0,0,0,0,0,0,0
729,17,1988,0,0,0,0,0,0,0,0,0
730,17,1989,0,0,0,0,0,0,0,0,0
731,17,1990,0,0,0,0.00165402,0,308.143,56.0976,0,0
732,17,1991,0,0,0,0.00158838,0,467.707,54.6435,0,0
733,17,1992,0,0,0,0.0015264,0,324.622,53.2495,0,0
734,17,1993,0,0,0,0.00147135,0,272.329,51.9538,0,0
735,17,1994,0,0,0,0.00142914,0,295.056,50.8946,0,0
736,17,1995,0,0,0,0.00140177,0,270.092,50.2542,0,0
737,17,1996,0,0,0,0.00135506,0,238.878,49.7508,0,0
738,17,1997,0,0,0,0.00127371,0,216.324,49.1181,0,0
739,17,1998,0,0,0,0.00118195,0,199.936,48.5107,0,0
740,17,1999,0,0,0,0.00110814,0,145.45,48.0592,0,0
741,17,2000,0,0,0,0.00108484,0,228.348,47.9049,0,0
742,17,2001,0,0,0,0.00110162,0,212.407,47.9991,0,0
743,17,2002,0,0,0,0.0011273,0,201.638,48.2019,0,0
744,17,2003,0,0,0,0.00116727,0,197.879,48.4845,0,0
745,17,2004,0,0,0,0.00122419,0,223.235,48.7857,0,0
746,17,2005,0,0,0,0.00130442,0,225.824,49.0517,0,0
747,17,2006,0,0,0,0.00143473,0,211.412,49.1217,0,0
748,17,2007,0,0,0,0.00161738,0,214.284,48.9812,0,0
749,17,2008,0,0,0,0.00182251,0,210.682,48.7405,0,0
750,17,2010,0,0,0,0.00217524,0,216.626,48.4403,0,0
751,17,2009,0,0,0,0.00202118,0,202.514,48.5058,0,0
752,17,2011,0,0,0,0.00230474,0,226.957,48.4114,0,1
753,17,2012,0,0,0,0.00245553,0,229.079,48.2471,0,1
754,17,2013,0,0,0,0.00260429,0,239.234,48.045,0,0
755,17,2014,0,0,0,0.00272815,0,252.474,47.9047,0,0
756,17,2015,0,0,0,0.00280287,0,264.969,47.9441,0,0
757,17,2016,0,0,0,0.00272061,0,261.781,47.7714,0,0
758,17,2017,0,0,0,0.00257026,0,265.756,47.5726,0,0
759,17,2018,0,0,0,0.00246989,0,271.198,47.566,0,0
760,17,2019,0,0,0,0.00236602,0,273.155,47.4809,0,0
761,17,2020,0,0,0,0,0,0,0,0,0
762,17,2021,0,0,0,0,0,0,0,0,0
763,17,2022,0,0,0,0,0,0,0,0,0
764,18,1980,0,42,0,0,0,0,0,0,0
765,18,1981,0,35,0,0,0,0,0,0,0
766,18,1982,0,0,0,0,0,0,0,0,0
767,18,1983,0,0,0,0,0,0,0,0,0
768,18,1984,0,0,0,0,0,0,0,0,0
769,18,1985,0,0,0,0,0,0,0,0,0
770,18,1986,0,0,0,0,0,0,0,0,0
771,18,1987,0,0,0,0,0,0,0,0,0
772,18,1988,0,0,0,0,0,0,0,0,0
773,18,1989,0,0,0,0,0,0,0,0,0
774,18,1990,0,0,0,0.00479653,0,13.208,178.13,0,0
775,18,1991,0,0,0,0.00485178,0,13.6446,183.181,0,0
776,18,1992,0,0,0,0.00485006,0,13.8144,186.59,0,0
777,18,1993,0,14,0,0.0048201,0,13.5659,189.239,0,0
778,18,1994,0,0,0,0.00477846,0,13.012,191.77,0,0
779,18,1995,0,0,0,0.00472678,0,12.4319,194.679,0,0
780,18,1996,0,0,0,0.00455808,0,11.8907,197.455,0,0
781,18,1997,0,0,0,0.00424311,0,11.4758,198.849,0,0
782,18,1998,0,0,0,0.00387628,0,11.1788,199.467,0,0
783,18,1999,0,0,0,0.00356533,0,11.0344,200.033,0,0
784,18,2000,0,0,0,0.00344013,0,10.1123,201.536,0,0
785,18,2001,0,0,0,0.00351655,0,10.355,203.876,0,0
786,18,2002,0,0,0,0.00371505,0,10.0572,208.141,0,0
787,18,2003,0,0,0,0.00401435,0,9.96976,215.675,0,0
788,18,2004,0,0,0,0.00437393,0,10.1595,225.236,0,0
789,18,2005,0,0,0,0.00472715,0,9.79283,234.353,0,0
790,18,2006,0,0,0,0.00496471,0,10.4738,241.389,0,0
791,18,2007,0,0,0,0.00501884,0,11.2404,247.097,0,0
792,18,2008,0,0,0,0.00497989,0,12.1264,253.764,0,0
793,18,2009,0,0,0,0.00492716,0,13.1429,260.554,0,0
794,18,2010,0,0,0,0.00497449,0,15.4786,265.736,0,0
795,18,2011,0,0,0,0.00505271,0,14.8914,266.152,0,0
796,18,2012,0,0,0,0.00512024,0,15.4217,264.768,0,0
797,18,2013,0,0,0,0.00520677,0,15.7224,263.463,0,0
798,18,2014,0,0,0,0.0053196,0,15.5784,261.803,0,0
799,18,2015,0,0,0,0.0054628,0,15.3859,259.164,0,8
800,18,2016,0,0,0,0.00560651,0,15.0199,254.445,0,0
801,18,2017,0,0,0,0.00568359,0,15.0946,250.885,0,0
802,18,2018,0,0,0,0.00574373,0,15.6997,247.736,0,0
803,18,2019,0,0,0,0.00579859,0,15.667,243.053,0,0
804,18,2020,0,0,0,0,0,0,0,0,0
805,18,2021,0,0,0,0,0,0,0,0,2
806,18,2022,0,0,0,0,0,0,0,0,0
807,18,1965,0,0,0,0,0,0,0,0,1
808,18,1972,0,0,0,0,0,0,0,0,74
809,18,1973,0,0,0,0,0,0,0,0,37
810,18,1978,0,0,0,0,0,0,0,0,906
811,18,1979,0,0,0,0,0,0,0,0,39
812,19,1980,0,455,0,0,0,0,0,0,0
813,19,1981,0,686,0,0,0,0,0,0,0
814,19,1982,0,2233,0,0,0,0,0,0,0
815,19,1983,0,896,0,0,0,0,0,0,0
816,19,1984,0,896,0,0,0,0,0,0,0
817,19,1985,0,623,0,0,0,0,0,0,0
818,19,1986,0,1106,0,0,0,0,0,0,0
819,19,1987,0,714,0,0,0,0,0,0,523
820,19,1988,0,3780,0,0,0,0,0,0,571
821,19,1989,0,3143,0,0,0,0,0,0,94
822,19,1990,0,2618,0,1309.12,3897610,0,386014,0,82
823,19,1991,0,2009,0,1465.37,3355830,0,380235,0,8
824,19,1992,0,1463,0,1583.15,2834390,0,374053,0,479
825,19,1993,0,1631,0,1665.81,2363460,0,367719,0,78
826,19,1994,0,2023,0,1715.11,1970570,67.8215,361108,0,562
827,19,1995,0,343,0,1734.71,1685330,31.4988,354307,0,2297
828,19,1996,0,108,0,1684.6,1466430,50.0255,347056,0,418
829,19,1997,0,192,0,1548.45,1262370,64.8134,339281,0,1959
830,19,1998,0,332,0,1366.48,1087580,95.2727,331403,0,1067
831,19,1999,0,436,0,1180.51,957208,130.312,323877,0,3440
832,19,2000,0,220,0,1033.12,887203,188.344,317146,0,1021
833,19,2001,0,0,0,911.681,855653,263.173,311338,0,0
834,19,2002,0,0,0,783.853,827421,358.792,306051,0,0
835,19,2003,0,0,0,662.91,798778,439.186,300980,0,0
836,19,2004,0,0,0,562.579,765809,510.305,295866,0,0
837,19,2005,0,0,0,496.235,724349,579.295,290337,0,0
838,19,2006,0,20,0,451.844,668153,623.558,284089,0,0
839,19,2007,0,0,0,408.799,597840,669.774,277241,0,0
840,19,2008,0,0,0,369.187,519613,720.384,270209,0,0
841,19,2009,0,0,0,335.165,440074,737.878,263415,0,0
842,19,2010,0,0,0,309.008,366269,754.138,257249,0,0
843,19,2011,0,0,0,286.924,290097,695.544,251401,0,0
844,19,2012,0,0,0,264.221,206261,700.928,245453,0,0
845,19,2013,0,0,0,242.696,126956,673.871,239748,0,0
846,19,2014,0,0,0,224.18,65245.9,661.099,234641,0,0
847,19,2015,0,0,0,210.788,35057.8,639.72,230603,0,0
848,19,2016,0,0,0,201.969,28362.4,634.121,228014,0,0
849,19,2017,0,0,0,194.829,23437.1,638.554,225578,0,0
850,19,2018,0,0,0,187.572,16841.1,640.511,221509,0,566
851,19,2019,0,0,0,180.403,9460.74,641.756,215988,0,503
852,19,2020,0,0,0,0,0,0,0,0,212
853,19,2021,0,0,0,0,0,0,0,0,477
854,19,2022,0,0,0,0,0,0,0,0,0
855,19,1950,0,0,0,0,0,0,0,0,29809
856,19,1951,0,0,0,0,0,0,0,0,20894
857,19,1952,0,0,0,0,0,0,0,0,21154
858,19,1953,0,0,0,0,0,0,0,0,27631
859,19,1954,0,0,0,0,0,0,0,0,15617
860,19,1955,0,0,0,0,0,0,0,0,16642
861,19,1956,0,0,0,0,0,0,0,0,23699
862,19,1957,0,0,0,0,0,0,0,0,8054
863,19,1958,0,0,0,0,0,0,0,0,15631
864,19,1959,0,0,0,0,0,0,0,0,16915
865,19,1960,0,0,0,0,0,0,0,0,15618
866,19,1961,0,0,0,0,0,0,0,0,2663
867,19,1962,0,0,0,0,0,0,0,0,2524
868,19,1963,0,0,0,0,0,0,0,0,3975
869,19,1964,0,0,0,0,0,0,0,0,3333
870,19,1965,0,0,0,0,0,0,0,0,1123
871,19,1966,0,0,0,0,0,0,0,0,3154
872,19,1967,0,0,0,0,0,0,0,0,664
873,19,1968,0,0,0,0,0,0,0,0,3156
874,19,1969,0,0,0,0,0,0,0,0,7411
875,19,1970,0,0,0,0,0,0,0,0,7419
876,19,1971,0,0,0,0,0,0,0,0,2342
877,19,1972,0,0,0,0,0,0,0,0,1059
878,19,1973,0,0,0,0,0,0,0,0,1969
879,19,1974,0,0,0,0,0,0,0,0,5614
880,19,1975,0,0,0,0,0,0,0,0,4888
881,19,1976,0,0,0,0,0,0,0,0,957
882,19,1977,0,0,0,0,0,0,0,0,10403
883,19,1978,0,0,0,0,0,0,0,0,5576
884,19,1979,0,0,0,0,0,0,0,0,2154
885,20,1980,0,0,0,0,0,0,0,0,0
886,20,1981,0,0,0,0,0,0,0,0,0
887,20,1982,0,0,0,0,0,0,0,0,0
888,20,1983,0,0,0,0,0,0,0,0,0
889,20,1984,0,0,0,0,0,0,0,0,0
890,20,1985,0,0,0,0,0,0,0,0,0
891,20,1986,0,0,0,0,0,0,0,0,0
892,20,1987,0,0,0,0,0,0,0,0,0
893,20,1988,0,0,0,0,0,0,0,0,0
894,20,1989,0,0,0,0,0,0,0,0,0
895,20,1990,0,0,0,0.00688644,0,87.559,31.5653,0,0
896,20,1991,0,0,0,0.0064081,0,89.2004,30.7696,0,0
897,20,1992,0,0,0,0.00591209,0,88.6507,29.9534,0,0
898,20,1993,0,0,0,0.00546503,0,86.7647,29.1277,0,0
899,20,1994,0,0,0,0.00514172,0,83.4827,28.3168,0,0
900,20,1995,0,0,0,0.00502119,0,80.9001,27.5495,0,0
901,20,1996,0,0,0,0.00494214,0,79.4604,26.743,0,0
902,20,1997,0,0,0,0.00475108,0,78.0885,25.8701,0,0
903,20,1998,0,0,0,0.00453564,0,76.3853,25.0406,0,0
904,20,1999,0,0,0,0.00438121,0,75.0134,24.3625,0,0
905,20,2000,0,0,0,0.00437002,0,73.4553,23.9317,0,0
906,20,2001,0,0,0,0.00448577,0,70.619,23.6829,0,0
907,20,2002,0,0,0,0.00464539,0,69.6854,23.4813,0,0
908,20,2003,0,0,0,0.00483846,0,82.0718,23.3331,0,0
909,20,2004,0,0,0,0.00506085,0,85.5899,23.2606,0,0
910,20,2005,0,0,0,0.00532048,0,74.7234,23.2951,0,0
911,20,2006,0,0,0,0.00572642,0,66.8308,23.4377,0,0
912,20,2007,0,0,0,0.00631114,0,62.2788,23.6314,0,0
913,20,2008,0,0,0,0.0069632,0,59.633,23.8407,0,0
914,20,2010,0,0,0,0.00796433,0,62.6237,24.1655,0,0
915,20,2009,0,0,0,0.00755983,0,60.4131,24.032,0,0
916,20,2011,0,0,0,0.00829315,0,64.0152,24.0249,0,0
917,20,2012,0,0,0,0.00865855,0,64.5506,23.5148,0,0
918,20,2013,0,0,0,0.00899944,0,65.6427,22.7852,0,0
919,20,2014,0,0,0,0.00925404,0,72.2698,21.998,0,0
920,20,2015,0,0,0,0.00936507,0,71.4144,21.3297,0,0
921,20,2016,0,0,0,0.00881732,0,70.197,20.4716,0,0
922,20,2017,0,0,0,0.00815772,0,73.2166,19.8743,0,0
923,20,2018,0,0,0,0.00800414,0,77.3987,19.9108,0,0
924,20,2019,0,0,0,0.00782929,0,77.6944,20.2343,0,0
925,20,2020,0,0,0,0,0,0,0,0,0
926,20,2021,0,0,0,0,0,0,0,0,0
927,20,2022,0,0,0,0,0,0,0,0,0
928,21,1991,0,0,0,17.3416,0,231.028,5559.86,0,0
929,21,1992,0,7,0,18.1696,0,209.847,5614.82,0,0
930,21,1993,0,7,0,18.8378,0,212.996,5657.9,0,0
931,21,1994,0,14,0,19.2218,0,215.197,5685.8,0,3
932,21,1995,0,0,0,19.4017,0,230.594,5696.9,0,3
933,21,1996,0,0,0,19.4298,0,261.873,5703.51,0,0
934,21,1997,0,0,0,19.2121,0,304.661,5707.9,0,0
935,21,1998,0,0,0,18.8985,0,368.114,5707.59,0,0
936,21,1999,0,0,0,18.5326,0,438.318,5697.02,0,0
937,21,2000,0,0,0,18.3265,0,518.418,5672.12,0,0
938,21,2001,0,0,0,18.3603,0,587.906,5622.71,0,0
939,21,2002,0,0,0,18.5995,0,649.311,5543.75,0,0
940,21,2003,0,0,0,19.0294,0,692.752,5455.64,0,0
941,21,2004,0,0,0,19.692,0,721.744,5371.15,0,0
942,21,2005,0,0,0,20.2612,0,714.45,5295.1,0,0
943,21,2006,0,0,0,20.7826,0,674.985,5228.13,0,0
944,21,2007,0,0,0,21.0959,0,659.551,5152.52,0,0
945,21,2008,0,0,0,21.3752,0,665.606,5060.01,0,0
946,21,2009,0,0,0,21.463,0,715.269,4933.29,0,0
947,21,2010,0,0,0,21.3669,0,810.563,4759.35,0,0
948,21,2011,0,0,0,20.8221,0,920.366,4477.58,0,0
949,21,2012,0,0,0,19.8549,0,1068.44,4088.55,0,0
950,21,2013,0,0,0,18.8107,0,1255.25,3679.97,0,0
951,21,2014,0,0,0,17.9513,0,1439.04,3326.38,0,0
952,21,2015,0,0,0,17.4733,0,1645.99,3108.59,0,0
953,21,2016,0,0,0,17.453,0,1880.58,3011.77,0,0
954,21,2017,0,0,0,17.4092,0,1921.08,2925.95,0,0
955,21,2018,0,0,0,17.4448,0,2025.04,2812.52,0,0
956,21,2019,0,0,0,17.3571,0,1987.61,2676.37,0,0
957,21,2020,0,0,0,0,0,0,0,0,0
958,21,1980,0,0,0,0,0,0,0,0,0
959,21,1981,0,0,0,0,0,0,0,0,0
960,21,1982,0,0,0,0,0,0,0,0,0
961,21,1983,0,0,0,0,0,0,0,0,0
962,21,1984,0,0,0,0,0,0,0,0,0
963,21,1985,0,0,0,0,0,0,0,0,0
964,21,1986,0,0,0,0,0,0,0,0,0
965,21,1987,0,0,0,0,0,0,0,0,0
966,21,1988,0,0,0,0,0,0,0,0,0
967,21,1989,0,0,0,0,0,0,0,0,0
968,21,1990,0,0,0,16.3243,0,261.284,5490.49,0,0
969,21,2021,0,0,0,0,0,0,0,0,0
970,21,2022,0,0,0,0,0,0,0,0,0
971,22,1980,0,7,0,0,0,0,0,0,1
972,22,1981,0,0,0,0,0,0,0,0,0
973,22,1982,0,0,0,0,0,0,0,0,0
974,22,1983,0,7,0,0,0,0,0,0,1
975,22,1984,0,0,0,0,0,0,0,0,1
976,22,1985,0,0,0,0,0,0,0,0,1
977,22,1986,0,0,0,0,0,0,0,0,0
978,22,1987,0,0,0,0,0,0,0,0,0
979,22,1988,0,0,0,0,0,0,0,0,0
980,22,1989,0,14,0,0,0,0,0,0,0
981,22,1990,0,0,0,0.0136852,0,822.14,1266.58,0,0
982,22,1991,0,0,0,0.0124646,0,908.953,1222.13,0,0
983,22,1992,0,0,0,0.0113132,0,1019.69,1181.09,0,1
984,22,1993,0,0,0,0.0102603,0,1080.57,1146.32,0,1
985,22,1994,0,0,0,0.00945472,0,1125.16,1121.17,0,1
986,22,1995,0,0,0,0.00898406,0,1113.88,1108.8,0,0
987,22,1996,0,0,0,0.00871987,0,1079.46,1100.36,0,0
988,22,1997,0,0,0,0.00849884,0,1013.34,1086.72,0,0
989,22,1998,0,0,0,0.0083502,0,914.661,1069.83,0,0
990,22,1999,0,0,0,0.00834157,0,866.575,1052.61,0,0
991,22,2000,0,0,0,0.00856062,0,942.003,1038.41,0,0
992,22,2001,0,0,0,0.00903759,0,1012,1023.67,0,0
993,22,2002,0,0,0,0.00978225,0,1065.03,1005.29,0,0
994,22,2003,0,0,0,0.0107336,0,1089.04,985.967,0,0
995,22,2004,0,0,0,0.011862,0,1129.02,968.785,0,1
996,22,2005,0,0,0,0.0129633,0,1197.01,956.582,0,2
997,22,2006,0,0,0,0.0142953,0,1184.97,946.256,0,0
998,22,2007,0,0,0,0.0160262,0,1227.92,934.362,0,0
999,22,2008,0,0,0,0.0177189,0,1125.96,922.404,0,0
1000,22,2009,0,0,0,0.0194853,0,1055.01,912.198,0,0
